temp_bkrm_space_dept_clas.bkrm_loc_item_oh_d,temp_bkrm_space_dept_clas.co_loc_ref_i,temp_bkrm_space_dept_clas.dept,temp_bkrm_space_dept_clas.class,temp_bkrm_space_dept_clas.cubic_vol
9/17/16,1375,204,6,52566.6129
9/18/16,1375,204,6,52461.0129
9/19/16,1375,204,6,52461.0129
9/20/16,1375,204,6,52461.0129
9/21/16,1375,204,6,52461.0129
9/22/16,1375,204,6,46689.15853
9/23/16,1375,204,6,46215.34603
9/24/16,1375,204,6,46215.34603
9/25/16,1375,204,6,37928.71953
9/26/16,1375,204,6,36956.71953
9/27/16,1375,204,6,37928.71953
9/28/16,1375,204,6,37259.94353
9/29/16,1375,204,6,44148.68353
9/30/16,1375,204,6,46637.03853
10/1/16,1375,204,6,46413.03853
10/2/16,1375,204,6,46413.03853
10/3/16,1375,204,6,48530.22213
10/4/16,1375,204,6,45147.72213
10/5/16,1375,204,6,53078.72509
10/6/16,1375,204,6,44944.97019
10/7/16,1375,204,6,42540.12651
10/8/16,1375,204,6,53279.31639
10/9/16,1375,204,6,50591.95089
10/10/16,1375,204,6,50591.95089
10/11/16,1375,204,6,50591.95089
10/12/16,1375,204,6,314727.9149
10/13/16,1375,204,6,330636.9265
10/14/16,1375,204,6,431139.9265
10/15/16,1375,204,6,429536.713
10/16/16,1375,204,6,436102.9706
10/17/16,1375,204,6,436259.3706
10/18/16,1375,204,6,432760.1572
10/19/16,1375,204,6,437770.0852
10/20/16,1375,204,6,441326.1042
10/21/16,1375,204,6,439271.6292
10/22/16,1375,204,6,443708.3072
10/23/16,1375,204,6,443708.3072
10/24/16,1375,204,6,443708.3072
10/25/16,1375,204,6,435584.9362
10/26/16,1375,204,6,435134.2182
10/27/16,1375,204,6,434515.4182
10/28/16,1375,204,6,439868.9822
10/29/16,1375,204,6,439790.7822
10/30/16,1375,204,6,438740.5822
10/31/16,1375,204,6,438516.5822
11/1/16,1375,204,6,368775.5822
11/2/16,1375,204,6,399002.8821
11/3/16,1375,204,6,400160.0213
11/4/16,1375,204,6,398563.2793
11/5/16,1375,204,6,398476.5198
11/6/16,1375,204,6,395094.0198
11/7/16,1375,204,6,394870.0198
11/8/16,1375,204,6,400882.4253
11/9/16,1375,204,6,400776.8253
11/10/16,1375,204,6,396992.3938
11/11/16,1375,204,6,403757.3938
11/12/16,1375,204,6,403757.3938
11/13/16,1375,204,6,413764.3188
11/14/16,1375,204,6,411557.3388
11/15/16,1375,204,6,420278.2
11/16/16,1375,204,6,425901.772
11/17/16,1375,204,6,415584.634
11/18/16,1375,204,6,413870.7215
11/19/16,1375,204,6,410924.6986
11/20/16,1375,204,6,407527.3903
11/21/16,1375,204,6,409503.357
11/22/16,1375,204,6,400640.5507
11/23/16,1375,204,6,405759.6406
11/24/16,1375,204,6,403482.6886
11/25/16,1375,204,6,412158.6886
11/26/16,1375,204,6,406040.204
11/27/16,1375,204,6,414082.829
11/28/16,1375,204,6,442633.9491
11/29/16,1375,204,6,449549.7281
11/30/16,1375,204,6,477198.3775
12/1/16,1375,204,6,475714.5108
12/2/16,1375,204,6,503913.8816
12/3/16,1375,204,6,503095.7136
12/4/16,1375,204,6,482633.9822
12/5/16,1375,204,6,494007.9132
12/6/16,1375,204,6,500399.4905
12/7/16,1375,204,6,488943.5227
12/8/16,1375,204,6,492666.788
12/9/16,1375,204,6,492329.8419
12/10/16,1375,204,6,480107.2629
12/11/16,1375,204,6,523001.5065
12/12/16,1375,204,6,526726.4427
12/13/16,1375,204,6,559245.2612
12/14/16,1375,204,6,567087.7918
12/15/16,1375,204,6,567039.2533
12/16/16,1375,204,6,228518.9125
12/17/16,1375,204,6,228558.5402
12/18/16,1375,204,6,222683.5047
12/19/16,1375,204,6,216795.7888
12/20/16,1375,204,6,314659.8738
12/21/16,1375,204,6,306107.6281
12/22/16,1375,204,6,161690.9978
12/23/16,1375,204,6,118604.8602
12/24/16,1375,204,6,129150.4755
12/25/16,1375,204,6,153835.4965
12/26/16,1375,204,6,152004.559
12/27/16,1375,204,6,143580.559
12/28/16,1375,204,6,143580.559
12/29/16,1375,204,6,145954.057
12/30/16,1375,204,6,59707.46302
12/31/16,1375,204,6,58906.18402
1/1/17,1375,204,6,57184.93402
1/2/17,1375,204,6,62796.64557
1/3/17,1375,204,6,62796.64557
1/4/17,1375,204,6,62796.64557
1/5/17,1375,204,6,62796.64557
1/6/17,1375,204,6,63956.64557
1/7/17,1375,204,6,63956.64557
1/8/17,1375,204,6,63956.64557
1/9/17,1375,204,6,66452.69297
1/10/17,1375,204,6,66452.69297
1/11/17,1375,204,6,67003.26697
1/12/17,1375,204,6,58110.78469
1/13/17,1375,204,6,61285.98469
1/14/17,1375,204,6,19256.01869
1/15/17,1375,204,6,25581.58269
1/16/17,1375,204,6,23799.98269
1/17/17,1375,204,6,23799.98269
1/18/17,1375,204,6,25473.61417
1/19/17,1375,204,6,14400.88194
1/20/17,1375,204,6,20726.44594
1/21/17,1375,204,6,20726.44594
1/22/17,1375,204,6,27491.44594
1/23/17,1375,204,6,21165.88194
1/24/17,1375,204,6,35377.30594
1/25/17,1375,204,6,36826.30594
1/26/17,1375,204,6,30000.74194
1/27/17,1375,204,6,30857.16994
1/28/17,1375,204,6,42440.16994
1/29/17,1375,204,6,40609.23244
1/30/17,1375,204,6,40609.23244
1/31/17,1375,204,6,104817.0206
2/1/17,1375,204,6,104169.9706
2/2/17,1375,204,6,101218.3738
2/3/17,1375,204,6,62518.3738
2/4/17,1375,204,6,74815.3738
2/5/17,1375,204,6,120983.5197
2/6/17,1375,204,6,64163.51973
2/7/17,1375,204,6,125163.0197
2/8/17,1375,204,6,184678.5837
2/9/17,1375,204,6,60137.58373
2/10/17,1375,204,6,56549.55333
2/11/17,1375,204,6,55849.55333
2/12/17,1375,204,6,55849.55333
2/13/17,1375,204,6,55849.55333
2/14/17,1375,204,6,63705.31633
2/15/17,1375,204,6,69344.05133
2/16/17,1375,204,6,38217.10633
2/17/17,1375,204,6,48986.18933
2/18/17,1375,204,6,49543.06433
2/19/17,1375,204,6,50201.76933
2/20/17,1375,204,6,53906.76933
2/21/17,1375,204,6,53907.76933
2/22/17,1375,204,6,54010.58533
2/23/17,1375,204,6,54258.08533
2/24/17,1375,204,6,54258.08533
2/25/17,1375,204,6,55788.07433
2/26/17,1375,204,6,56194.62333
2/27/17,1375,204,6,55338.19533
2/28/17,1375,204,6,41588.474
3/1/17,1375,204,6,41588.474
3/2/17,1375,204,6,41588.474
3/3/17,1375,204,6,42165.47335
3/4/17,1375,204,6,41917.97335
3/5/17,1375,204,6,41839.77335
3/6/17,1375,204,6,39883.29755
3/7/17,1375,204,6,47247.61385
3/8/17,1375,204,6,45791.16515
3/9/17,1375,204,6,45685.56515
3/10/17,1375,204,6,44424.69015
3/11/17,1375,204,6,43604.55515
3/12/17,1375,204,6,55187.55515
3/13/17,1375,204,6,43604.55515
3/14/17,1375,204,6,49583.22663
3/15/17,1375,204,6,48272.39163
3/16/17,1375,204,6,48399.89163
3/17/17,1375,204,6,47194.19306
3/18/17,1375,204,6,47194.19306
3/19/17,1375,204,6,42958.80806
3/20/17,1375,204,6,42258.80806
3/21/17,1375,204,6,44040.40806
3/22/17,1375,204,6,48915.79306
3/23/17,1375,204,6,44487.2687
3/24/17,1375,204,6,44387.2687
3/25/17,1375,204,6,56828.7487
3/26/17,1375,204,6,69426.2287
3/27/17,1375,204,6,69426.2287
3/28/17,1375,204,6,69426.2287
3/29/17,1375,204,6,72735.54395
3/30/17,1375,204,6,80978.07495
3/31/17,1375,204,6,90134.68143
4/1/17,1375,204,6,87023.6047
4/2/17,1375,204,6,89484.0097
4/3/17,1375,204,6,89484.0097
4/4/17,1375,204,6,88784.0097
4/5/17,1375,204,6,90575.35663
4/6/17,1375,204,6,83879.56663
4/7/17,1375,204,6,81669.06663
4/8/17,1375,204,6,82638.69063
4/9/17,1375,204,6,80650.16273
4/10/17,1375,204,6,81749.32987
4/11/17,1375,204,6,79516.15087
4/12/17,1375,204,6,82554.6307
4/13/17,1375,204,6,81373.0307
4/14/17,1375,204,6,85138.92223
4/15/17,1375,204,6,85710.74983
4/16/17,1375,204,6,85693.09703
4/17/17,1375,204,6,85693.09703
4/18/17,1375,204,6,83381.64892
4/19/17,1375,204,6,59206.35173
4/20/17,1375,204,6,65833.4163
4/21/17,1375,204,6,68415.1038
4/22/17,1375,204,6,66563.6138
4/23/17,1375,204,6,58092.8438
4/24/17,1375,204,6,58794.5188
4/25/17,1375,204,6,46143.3908
4/26/17,1375,204,6,48223.3908
4/27/17,1375,204,6,48223.3908
4/28/17,1375,204,6,47332.5908
4/29/17,1375,204,6,46132.5908
4/30/17,1375,204,6,44015.7908
5/1/17,1375,204,6,44015.7908
5/2/17,1375,204,6,43159.3628
5/3/17,1375,204,6,44015.7908
5/4/17,1375,204,6,44015.7908
5/5/17,1375,204,6,37194.1653
5/6/17,1375,204,6,37194.1653
5/7/17,1375,204,6,40518.3953
5/8/17,1375,204,6,40518.3953
5/9/17,1375,204,6,41096.25733
5/10/17,1375,204,6,31125.4723
5/11/17,1375,204,6,32986.8703
5/12/17,1375,204,6,32986.8703
5/13/17,1375,204,6,32181.0463
5/14/17,1375,204,6,25855.4823
5/15/17,1375,204,6,30746.2423
5/16/17,1375,204,6,37071.8063
5/17/17,1375,204,6,40455.64723
5/18/17,1375,204,6,42451.65421
5/19/17,1375,204,6,41795.04683
5/20/17,1375,204,6,41571.04683
5/21/17,1375,204,6,41705.32053
5/22/17,1375,204,6,41705.32053
5/23/17,1375,204,6,55204.81322
5/24/17,1375,204,6,55204.81322
5/25/17,1375,204,6,48879.24922
5/26/17,1375,204,6,48879.24922
5/27/17,1375,204,6,46762.44922
5/28/17,1375,204,6,53088.01322
5/29/17,1375,204,6,53088.01322
5/30/17,1375,204,6,54063.21322
5/31/17,1375,204,6,54063.21322
6/1/17,1375,204,6,54063.21322
6/2/17,1375,204,6,54063.21322
6/3/17,1375,204,6,52780.71322
6/4/17,1375,204,6,52780.71322
6/5/17,1375,204,6,59214.95222
6/6/17,1375,204,6,59136.75222
6/7/17,1375,204,6,57275.35422
6/8/17,1375,204,6,50457.98238
6/9/17,1375,204,6,88003.121
6/10/17,1375,204,6,90394.156
6/11/17,1375,204,6,90394.156
6/12/17,1375,204,6,90641.656
6/13/17,1375,204,6,90993.7616
6/14/17,1375,204,6,90993.7616
6/15/17,1375,204,6,86760.1616
6/16/17,1375,204,6,88876.9616
6/17/17,1375,204,6,88876.9616
6/18/17,1375,204,6,89005.5446
6/19/17,1375,204,6,91670.94764
6/20/17,1375,204,6,91670.94764
6/21/17,1375,204,6,91670.94764
6/22/17,1375,204,6,83200.17764
6/23/17,1375,204,6,77880.17764
6/24/17,1375,204,6,77880.17764
6/25/17,1375,204,6,77880.17764
6/26/17,1375,204,6,77631.67764
6/27/17,1375,204,6,77631.67764
6/28/17,1375,204,6,77631.67764
6/29/17,1375,204,6,94598.79864
6/30/17,1375,204,6,105331.7361
7/1/17,1375,204,6,96682.07214
7/2/17,1375,204,6,98136.50814
7/3/17,1375,204,6,98136.50814
7/4/17,1375,204,6,99128.60549
7/5/17,1375,204,6,99142.57181
7/6/17,1375,204,6,99142.57181
7/7/17,1375,204,6,99142.57181
7/8/17,1375,204,6,102440.968
7/9/17,1375,204,6,100686.532
7/10/17,1375,204,6,100686.532
7/11/17,1375,204,6,100767.662
7/12/17,1375,204,6,102451.64
7/13/17,1375,204,6,98629.88267
7/14/17,1375,204,6,98629.88267
7/15/17,1375,204,6,95429.88267
7/16/17,1375,204,6,95429.88267
7/17/17,1375,204,6,90162.48267
7/18/17,1375,204,6,93544.98267
7/19/17,1375,204,6,94043.54267
7/20/17,1375,204,6,96712.91187
7/21/17,1375,204,6,97185.94412
7/22/17,1375,204,6,97795.44572
7/23/17,1375,204,6,98124.07572
7/24/17,1375,204,6,82090.44772
7/25/17,1375,204,6,90596.29627
7/26/17,1375,204,6,90986.67824
7/27/17,1375,204,6,93352.64824
7/28/17,1375,204,6,93532.04137
7/29/17,1375,204,6,92675.61337
7/30/17,1375,204,6,95977.92998
7/31/17,1375,204,6,96241.20598
8/1/17,1375,204,6,96727.20598
8/2/17,1375,204,6,97175.20598
8/3/17,1375,204,6,96958.73178
8/4/17,1375,204,6,111462.6798
8/5/17,1375,204,6,124774.0508
8/6/17,1375,204,6,144390.9514
8/7/17,1375,204,6,146226.8074
8/8/17,1375,204,6,148843.2581
8/9/17,1375,204,6,65922.98757
8/10/17,1375,204,6,63462.58257
8/11/17,1375,204,6,64282.71757
8/12/17,1375,204,6,51484.6384
8/13/17,1375,204,6,53100.952
8/14/17,1375,204,6,53100.952
8/15/17,1375,204,6,53100.952
8/16/17,1375,204,6,51860.02
8/17/17,1375,204,6,54865.34832
8/18/17,1375,204,6,64674.96512
8/19/17,1375,204,6,62632.88812
8/20/17,1375,204,6,62355.12812
8/21/17,1375,204,6,62355.12812
8/22/17,1375,204,6,61804.79812
8/23/17,1375,204,6,63809.17315
8/24/17,1375,204,6,63176.72515
8/25/17,1375,204,6,63176.72515
8/26/17,1375,204,6,61844.02363
8/27/17,1375,204,6,59515.39003
8/28/17,1375,204,6,59515.39003
8/29/17,1375,204,6,59515.39003
8/30/17,1375,204,6,66557.65003
8/31/17,1375,204,6,65737.51503
9/1/17,1375,204,6,69844.00765
9/2/17,1375,204,6,65759.83265
9/3/17,1375,204,6,65217.71065
9/4/17,1375,204,6,65217.71065
9/5/17,1375,204,6,73624.70665
9/6/17,1375,204,6,73624.70665
9/7/17,1375,204,6,73624.70665
9/8/17,1375,204,6,73624.70665
9/9/17,1375,204,6,66859.70665
9/10/17,1375,204,6,71345.70035
9/11/17,1375,204,6,74343.47635
9/12/17,1375,204,6,73859.04335
9/13/17,1375,204,6,73238.57735
9/14/17,1375,204,6,70914.94608
9/15/17,1375,204,6,86968.37275
9/16/17,1375,204,6,74963.89275
9/17/17,1375,204,6,74963.89275
9/18/17,1375,204,6,71302.01775
9/19/17,1375,204,6,66746.90715
9/20/17,1375,204,6,73939.0929
9/21/17,1375,204,6,69653.6349
9/22/17,1375,204,6,72700.4999
9/23/17,1375,204,6,73974.4999
9/24/17,1375,204,6,83888.8009
9/25/17,1375,204,6,84306.74999
9/26/17,1375,204,6,84306.74999
9/27/17,1375,204,6,84306.74999
9/28/17,1375,204,6,282275.0044
9/29/17,1375,204,6,94763.51914
9/30/17,1375,204,6,94654.84414
10/1/17,1375,204,6,99150.02182
10/2/17,1375,204,6,100105.6148
10/3/17,1375,204,6,96679.56742
10/4/17,1375,204,6,109721.3913
10/5/17,1375,204,6,112941.6813
10/6/17,1375,204,6,109449.9413
10/7/17,1375,204,6,110605.3993
10/8/17,1375,204,6,109785.2643
10/9/17,1375,204,6,115907.9449
10/10/17,1375,204,6,115907.9449
10/11/17,1375,204,6,119707.8933
10/12/17,1375,204,6,124138.1343
10/13/17,1375,204,6,128371.7343
10/14/17,1375,204,6,120833.3343
10/15/17,1375,204,6,121786.1343
10/16/17,1375,204,6,121707.9343
10/17/17,1375,204,6,121707.9343
10/18/17,1375,204,6,111920.0809
10/19/17,1375,204,6,113719.8496
10/20/17,1375,204,6,98405.88056
10/21/17,1375,204,6,107614.9865
10/22/17,1375,204,6,107614.9865
10/23/17,1375,204,6,105815.2178
10/24/17,1375,204,6,105815.2178
10/25/17,1375,204,6,110998.8247
10/26/17,1375,204,6,123767.5247
10/27/17,1375,204,6,126243.2747
10/28/17,1375,204,6,125610.8267
10/29/17,1375,204,6,126596.4113
10/30/17,1375,204,6,117636.8803
10/31/17,1375,204,6,129032.4443
11/1/17,1375,204,6,120058.0528
11/2/17,1375,204,6,222677.1703
11/3/17,1375,204,6,102135.5032
11/4/17,1375,204,6,104634.0912
11/5/17,1375,204,6,114402.8562
11/6/17,1375,204,6,118394.5343
11/7/17,1375,204,6,118034.2343
11/8/17,1375,204,6,98504.48433
11/9/17,1375,204,6,106197.6043
11/10/17,1375,204,6,105861.0027
11/11/17,1375,204,6,106636.9281
11/12/17,1375,204,6,103853.8251
11/13/17,1375,204,6,104314.9461
11/14/17,1375,204,6,65859.18277
11/15/17,1375,204,6,64034.5685
11/16/17,1375,204,6,65100.09546
11/17/17,1375,204,6,93177.89774
11/18/17,1375,204,6,92966.0518
11/19/17,1375,204,6,88042.23244
11/20/17,1375,204,6,85591.43798
11/21/17,1375,204,6,82616.00484
11/22/17,1375,204,6,86730.46884
11/23/17,1375,204,6,66559.88124
11/24/17,1375,204,6,80953.77508
11/25/17,1375,204,6,88452.78074
11/26/17,1375,204,6,98433.86974
11/27/17,1375,204,6,99442.34376
11/28/17,1375,204,6,95313.40248
11/29/17,1375,204,6,94698.51198
11/30/17,1375,204,6,82979.2745
12/1/17,1375,204,6,103149.8438
12/2/17,1375,204,6,97742.64781
12/3/17,1375,204,6,97308.17781
12/4/17,1375,204,6,94854.82785
12/5/17,1375,204,6,64259.17939
12/6/17,1375,204,6,57665.56963
12/7/17,1375,204,6,68643.05863
12/8/17,1375,204,6,69882.39963
12/9/17,1375,204,6,94775.12063
12/10/17,1375,204,6,96574.44125
12/11/17,1375,204,6,121732.2782
12/12/17,1375,204,6,159018.5412
12/13/17,1375,204,6,154713.663
12/14/17,1375,204,6,160211.117
12/15/17,1375,204,6,162652.9306
12/16/17,1375,204,6,159665.4362
12/17/17,1375,204,6,171529.6912
12/18/17,1375,204,6,167622.7025
12/19/17,1375,204,6,168067.9537
12/20/17,1375,204,6,124274.0702
12/21/17,1375,204,6,102983.5652
12/22/17,1375,204,6,92836.81018
12/23/17,1375,204,6,85840.7079
12/24/17,1375,204,6,80727.014
12/25/17,1375,204,6,84690.8043
12/26/17,1375,204,6,86787.4443
12/27/17,1375,204,6,75001.37767
12/28/17,1375,204,6,76516.62767
12/29/17,1375,204,6,76516.62767
12/30/17,1375,204,6,76392.87767
12/31/17,1375,204,6,76972.65583
1/1/18,1375,204,6,76972.65583
1/2/18,1375,204,6,91155.45779
1/3/18,1375,204,6,93477.45779
1/4/18,1375,204,6,93553.93779
1/5/18,1375,204,6,110398.4243
1/6/18,1375,204,6,114276.4006
1/7/18,1375,204,6,109990.1141
1/8/18,1375,204,6,112197.0941
1/9/18,1375,204,6,110739.1566
1/10/18,1375,204,6,82222.81846
1/11/18,1375,204,6,67934.62096
1/12/18,1375,204,6,72593.19346
1/13/18,1375,204,6,68594.12746
1/14/18,1375,204,6,69426.12746
1/15/18,1375,204,6,69426.12746
1/16/18,1375,204,6,72808.62746
1/17/18,1375,204,6,74681.30246
1/18/18,1375,204,6,61381.51046
1/19/18,1375,204,6,79972.44194
1/20/18,1375,204,6,86671.19194
1/21/18,1375,204,6,85701.56794
1/22/18,1375,204,6,85701.56794
1/23/18,1375,204,6,85701.56794
1/24/18,1375,204,6,85701.56794
1/25/18,1375,204,6,85701.56794
1/26/18,1375,204,6,85701.56794
1/27/18,1375,204,6,85701.56794
1/28/18,1375,204,6,83205.52054
1/29/18,1375,204,6,85701.56794
1/30/18,1375,204,6,86258.44294
1/31/18,1375,204,6,86258.44294
2/1/18,1375,204,6,94729.21294
2/2/18,1375,204,6,94718.21294
2/3/18,1375,204,6,82490.9545
2/4/18,1375,204,6,81161.178
2/5/18,1375,204,6,81862.853
2/6/18,1375,204,6,81862.853
2/7/18,1375,204,6,87825.2694
2/8/18,1375,204,6,235457.2694
2/9/18,1375,204,6,186127.1444
2/10/18,1375,204,6,233448.5269
2/11/18,1375,204,6,198287.5032
2/12/18,1375,204,6,115096.5032
2/13/18,1375,204,6,107066.6822
2/14/18,1375,204,6,120456.1727
2/15/18,1375,204,6,107781.0242
2/16/18,1375,204,6,79009.4405
2/17/18,1375,204,6,75109.5355
2/18/18,1375,204,6,134658.2755
2/19/18,1375,204,6,135894.2755
2/20/18,1375,204,6,135756.0355
2/21/18,1375,204,6,166322.9973
2/22/18,1375,204,6,142110.9973
2/23/18,1375,204,6,142079.3873
2/24/18,1375,204,6,136032.7058
2/25/18,1375,204,6,145752.7058
2/26/18,1375,204,6,115448.9045
2/27/18,1375,204,6,115333.0325
2/28/18,1375,204,6,144946.803
3/1/18,1375,204,6,161324.9026
3/2/18,1375,204,6,127901.9026
3/3/18,1375,204,6,118856.9026
3/4/18,1375,204,6,120476.9026
3/5/18,1375,204,6,99879.70264
3/6/18,1375,204,6,101424.484
3/7/18,1375,204,6,116022.6295
3/8/18,1375,204,6,110921.5236
3/9/18,1375,204,6,111368.1306
3/10/18,1375,204,6,111811.2991
3/11/18,1375,204,6,112182.5491
3/12/18,1375,204,6,101245.544
3/13/18,1375,204,6,101616.794
3/14/18,1375,204,6,112029.3786
3/15/18,1375,204,6,111534.3011
3/16/18,1375,204,6,120109.6142
3/17/18,1375,204,6,140545.1888
3/18/18,1375,204,6,132807.0988
3/19/18,1375,204,6,133934.6448
3/20/18,1375,204,6,133260.4998
3/21/18,1375,204,6,135888.1398
3/22/18,1375,204,6,133540.2008
3/23/18,1375,204,6,127142.8933
3/24/18,1375,204,6,109104.1747
3/25/18,1375,204,6,99633.73372
3/26/18,1375,204,6,103848.6087
3/27/18,1375,204,6,94303.19662
3/28/18,1375,204,6,90815.91031
3/29/18,1375,204,6,91121.58008
3/30/18,1375,204,6,84921.79678
3/31/18,1375,204,6,83643.82178
4/1/18,1375,204,6,85479.67778
4/2/18,1375,204,6,85479.67778
4/3/18,1375,204,6,76984.23878
4/4/18,1375,204,6,75420.86378
4/5/18,1375,204,6,75780.98878
4/6/18,1375,204,6,80710.41356
4/7/18,1375,204,6,80153.53856
4/8/18,1375,204,6,76771.03856
4/9/18,1375,204,6,76771.03856
4/10/18,1375,204,6,76384.28856
4/11/18,1375,204,6,75844.28856
4/12/18,1375,204,6,75844.28856
4/13/18,1375,204,6,74555.01256
4/14/18,1375,204,6,71248.51256
4/15/18,1375,204,6,71248.51256
4/16/18,1375,204,6,71248.51256
4/17/18,1375,204,6,73079.45006
4/18/18,1375,204,6,88489.77377
4/19/18,1375,204,6,95254.77377
4/20/18,1375,204,6,95087.93177
4/21/18,1375,204,6,89369.71327
4/22/18,1375,204,6,89369.71327
4/23/18,1375,204,6,88921.71327
4/24/18,1375,204,6,89475.97727
4/25/18,1375,204,6,78747.16331
4/26/18,1375,204,6,82997.73671
4/27/18,1375,204,6,73826.53931
4/28/18,1375,204,6,73340.53931
4/29/18,1375,204,6,73340.53931
4/30/18,1375,204,6,73162.66931
5/1/18,1375,204,6,73829.02007
5/2/18,1375,204,6,74530.69507
5/3/18,1375,204,6,71148.19507
5/4/18,1375,204,6,71148.19507
5/5/18,1375,204,6,69780.16931
5/6/18,1375,204,6,70307.92007
5/7/18,1375,204,6,76633.48407
5/8/18,1375,204,6,76633.48407
5/9/18,1375,204,6,72399.88407
5/10/18,1375,204,6,71565.13407
5/11/18,1375,204,6,66260.78331
5/12/18,1375,204,6,67858.15731
5/13/18,1375,204,6,72115.40731
5/14/18,1375,204,6,70893.90731
5/15/18,1375,204,6,67511.40731
5/16/18,1375,204,6,61185.84331
5/17/18,1375,204,6,61185.84331
5/18/18,1375,204,6,61185.84331
5/19/18,1375,204,6,85537.59831
5/20/18,1375,204,6,86901.84831
5/21/18,1375,204,6,86759.72331
5/22/18,1375,204,6,86447.34831
5/23/18,1375,204,6,85943.34831
5/24/18,1375,204,6,86256.14831
5/25/18,1375,204,6,86256.14831
5/26/18,1375,204,6,84838.52431
5/27/18,1375,204,6,84840.52431
5/28/18,1375,204,6,87180.20231
5/29/18,1375,204,6,89217.85535
5/30/18,1375,204,6,89217.85535
5/31/18,1375,204,6,85166.26231
6/1/18,1375,204,6,86975.23735
6/2/18,1375,204,6,90765.66883
6/3/18,1375,204,6,91390.11883
6/4/18,1375,204,6,91390.11883
6/5/18,1375,204,6,91390.11883
6/6/18,1375,204,6,91917.57808
6/7/18,1375,204,6,90390.37808
6/8/18,1375,204,6,90484.74683
6/9/18,1375,204,6,93696.99683
6/10/18,1375,204,6,96395.86307
6/11/18,1375,204,6,100436.5511
6/12/18,1375,204,6,100789.8311
6/13/18,1375,204,6,106788.6601
6/14/18,1375,204,6,102866.1601
6/15/18,1375,204,6,102866.1601
6/16/18,1375,204,6,102866.1601
6/17/18,1375,204,6,102866.1601
6/18/18,1375,204,6,104787.6601
6/19/18,1375,204,6,104787.6601
6/20/18,1375,204,6,104786.6601
6/21/18,1375,204,6,101264.829
6/22/18,1375,204,6,101258.829
6/23/18,1375,204,6,102392.797
6/24/18,1375,204,6,102392.797
6/25/18,1375,204,6,101334.397
6/26/18,1375,204,6,101334.397
6/27/18,1375,204,6,101854.7095
6/28/18,1375,204,6,101655.2279
6/29/18,1375,204,6,99155.18047
6/30/18,1375,204,6,102948.8925
7/1/18,1375,204,6,102948.8925
7/2/18,1375,204,6,101890.4925
7/3/18,1375,204,6,102749.9445
7/4/18,1375,204,6,102749.9445
7/5/18,1375,204,6,102749.9445
7/6/18,1375,204,6,86171.82847
7/7/18,1375,204,6,86171.82847
7/8/18,1375,204,6,91560.57847
7/9/18,1375,204,6,91560.57847
7/10/18,1375,204,6,92953.95829
7/11/18,1375,204,6,91895.55829
7/12/18,1375,204,6,90182.70229
7/13/18,1375,204,6,84536.15629
7/14/18,1375,204,6,83500.01629
7/15/18,1375,204,6,83500.01629
7/16/18,1375,204,6,79709.58481
7/17/18,1375,204,6,79709.58481
7/18/18,1375,204,6,78579.61681
7/19/18,1375,204,6,86420.65829
7/20/18,1375,204,6,86151.85829
7/21/18,1375,204,6,86920.10829
7/22/18,1375,204,6,81205.53129
7/23/18,1375,204,6,84236.03129
7/24/18,1375,204,6,82352.78129
7/25/18,1375,204,6,85693.0342
7/26/18,1375,204,6,85693.0342
7/27/18,1375,204,6,87203.14085
7/28/18,1375,204,6,87203.14085
7/29/18,1375,204,6,87203.14085
7/30/18,1375,204,6,87203.14085
7/31/18,1375,204,6,45328.1455
8/1/18,1375,204,6,65919.80426
8/2/18,1375,204,6,77124.71725
8/3/18,1375,204,6,69933.64824
8/4/18,1375,204,6,72644.84824
8/5/18,1375,204,6,71477.09824
8/6/18,1375,204,6,71477.09824
8/7/18,1375,204,6,76519.20424
8/8/18,1375,204,6,76519.20424
8/9/18,1375,204,6,71626.12833
8/10/18,1375,204,6,72090.62583
8/11/18,1375,204,6,72090.62583
8/12/18,1375,204,6,73180.87233
8/13/18,1375,204,6,73180.87233
8/14/18,1375,204,6,72809.62233
8/15/18,1375,204,6,72809.62233
8/16/18,1375,204,6,72809.62233
8/17/18,1375,204,6,72809.62233
8/18/18,1375,204,6,72809.62233
8/19/18,1375,204,6,72809.62233
8/20/18,1375,204,6,67310.76033
8/21/18,1375,204,6,68339.76033
8/22/18,1375,204,6,68804.22027
8/23/18,1375,204,6,69983.71527
8/24/18,1375,204,6,74529.46527
8/25/18,1375,204,6,74529.46527
8/26/18,1375,204,6,74529.46527
8/27/18,1375,204,6,75184.20327
8/28/18,1375,204,6,75184.20327
8/29/18,1375,204,6,55221.28579
8/30/18,1375,204,6,65992.01927
8/31/18,1375,204,6,68733.61127
9/1/18,1375,204,6,75059.17527
9/2/18,1375,204,6,75059.17527
9/3/18,1375,204,6,75059.17527
9/4/18,1375,204,6,75059.17527
9/5/18,1375,204,6,75059.17527
9/6/18,1375,204,6,75059.17527
9/7/18,1375,204,6,49779.81879
9/8/18,1375,204,6,51567.72079
9/9/18,1375,204,6,51567.72079
9/10/18,1375,204,6,50107.12879
9/11/18,1375,204,6,50107.12879
9/12/18,1375,204,6,50107.12879
9/13/18,1375,204,6,53489.62879
9/14/18,1375,204,6,52883.25379
9/15/18,1375,204,6,52883.25379
9/16/18,1375,204,6,52883.25379
9/17/18,1375,204,6,52883.25379
9/18/18,1375,204,6,52883.25379
9/19/18,1375,204,6,57116.85379
9/20/18,1375,204,6,54579.32279
9/21/18,1375,204,6,47599.02079
9/22/18,1375,204,6,47599.02079
9/23/18,1375,204,6,47599.02079
9/24/18,1375,204,6,44216.52079
9/25/18,1375,204,6,52721.52079
9/26/18,1375,204,6,52680.80079
9/27/18,1375,204,6,52039.55079
9/28/18,1375,204,6,52117.75079
9/29/18,1375,204,6,45839.64161
9/30/18,1375,204,6,49002.32309
10/1/18,1375,204,6,49002.32309
10/2/18,1375,204,6,49002.32309
10/3/18,1375,204,6,50050.03984
10/4/18,1375,204,6,65452.82132
10/5/18,1375,204,6,66025.2404
10/6/18,1375,204,6,66356.4904
10/7/18,1375,204,6,66356.4904
10/8/18,1375,204,6,66148.18372
10/9/18,1375,204,6,62990.05872
10/10/18,1375,204,6,66753.18372
10/11/18,1375,204,6,62519.58372
10/12/18,1375,204,6,62519.58372
10/13/18,1375,204,6,64316.74518
10/14/18,1375,204,6,64084.51521
10/15/18,1375,204,6,64084.51521
10/16/18,1375,204,6,57280.51521
10/17/18,1375,204,6,60936.28524
10/18/18,1375,204,6,61653.41024
10/19/18,1375,204,6,61101.66524
10/20/18,1375,204,6,64017.96524
10/21/18,1375,204,6,57667.56524
10/22/18,1375,204,6,57667.56524
10/23/18,1375,204,6,57667.56524
10/24/18,1375,204,6,70591.34124
10/25/18,1375,204,6,70962.59124
10/26/18,1375,204,6,70102.72056
10/27/18,1375,204,6,71427.89332
10/28/18,1375,204,6,71427.89332
10/29/18,1375,204,6,71427.89332
10/30/18,1375,204,6,71427.89332
10/31/18,1375,204,6,70887.89332
11/1/18,1375,204,6,76539.14332
11/2/18,1375,204,6,73879.89332
11/3/18,1375,204,6,78110.39332
11/4/18,1375,204,6,78852.89332
11/5/18,1375,204,6,77337.64332
11/6/18,1375,204,6,77546.04957
11/7/18,1375,204,6,76030.79957
11/8/18,1375,204,6,76030.79957
11/9/18,1375,204,6,76030.79957
11/10/18,1375,204,6,75878.79957
11/11/18,1375,204,6,75878.79957
11/12/18,1375,204,6,81875.95641
11/13/18,1375,204,6,81875.95641
11/14/18,1375,204,6,81875.95641
11/15/18,1375,204,6,77987.95641
11/16/18,1375,204,6,77987.95641
11/17/18,1375,204,6,88816.57365
11/18/18,1375,204,6,73062.07365
11/19/18,1375,204,6,76046.10965
11/20/18,1375,204,6,77969.85965
11/21/18,1375,204,6,81050.10165
11/22/18,1375,204,6,81374.10165
11/23/18,1375,204,6,75447.30005
11/24/18,1375,204,6,69206.62505
11/25/18,1375,204,6,66886.72229
11/26/18,1375,204,6,64005.44629
11/27/18,1375,204,6,66763.49629
11/28/18,1375,204,6,63505.77125
11/29/18,1375,204,6,65784.43377
11/30/18,1375,204,6,71096.13618
12/1/18,1375,204,6,96641.75879
12/2/18,1375,204,6,87579.88379
12/3/18,1375,204,6,81950.11583
12/4/18,1375,204,6,86238.78329
12/5/18,1375,204,6,82634.56429
12/6/18,1375,204,6,79698.79529
12/7/18,1375,204,6,71734.36725
12/8/18,1375,204,6,70516.7912
12/9/18,1375,204,6,61511.04616
12/10/18,1375,204,6,61511.04616
12/11/18,1375,204,6,78124.76592
12/12/18,1375,204,6,76125.71364
12/13/18,1375,204,6,86392.96815
12/14/18,1375,204,6,98487.39115
12/15/18,1375,204,6,106482.1607
12/16/18,1375,204,6,110211.5027
12/17/18,1375,204,6,101706.5027
12/18/18,1375,204,6,91656.82689
12/19/18,1375,204,6,92751.81261
12/20/18,1375,204,6,94853.87036
12/21/18,1375,204,6,108381.6864
12/22/18,1375,204,6,109461.6864
12/23/18,1375,204,6,97994.84918
12/24/18,1375,204,6,94549.79818
12/25/18,1375,204,6,91744.92478
12/26/18,1375,204,6,91744.92478
12/27/18,1375,204,6,90715.92478
12/28/18,1375,204,6,91357.17478
12/29/18,1375,204,6,91357.17478
12/30/18,1375,204,6,91686.14353
12/31/18,1375,204,6,91357.17478
1/1/19,1375,204,6,85031.61078
1/2/19,1375,204,6,84774.91278
1/3/19,1375,204,6,85416.16278
1/4/19,1375,204,6,63993.87474
1/5/19,1375,204,6,63993.87474
1/6/19,1375,204,6,64202.28099
1/7/19,1375,204,6,60423.12795
1/8/19,1375,204,6,58014.1369
1/9/19,1375,204,6,58202.70733
1/10/19,1375,204,6,53344.77085
1/11/19,1375,204,6,47019.20685
1/12/19,1375,204,6,52414.77085
1/13/19,1375,204,6,48603.77005
1/14/19,1375,204,6,48603.77005
1/15/19,1375,204,6,46043.77005
1/16/19,1375,204,6,49823.54821
1/17/19,1375,204,6,49283.54821
1/18/19,1375,204,6,47558.30765
1/19/19,1375,204,6,46917.05765
1/20/19,1375,204,6,46917.05765
1/21/19,1375,204,6,40591.49365
1/22/19,1375,204,6,46917.05765
1/23/19,1375,204,6,46917.05765
1/24/19,1375,204,6,53682.05765
1/25/19,1375,204,6,58851.81665
1/26/19,1375,204,6,58851.81665
1/27/19,1375,204,6,58851.81665
1/28/19,1375,204,6,58294.94165
1/29/19,1375,204,6,57719.02451
1/30/19,1375,204,6,57719.02451
1/31/19,1375,204,6,57719.02451
2/1/19,1375,204,6,57719.02451
2/2/19,1375,204,6,57719.02451
2/3/19,1375,204,6,57719.02451
2/4/19,1375,204,6,57719.02451
2/5/19,1375,204,6,57567.02451
2/6/19,1375,204,6,57567.02451
2/7/19,1375,204,6,57985.65649
2/8/19,1375,204,6,57985.65649
2/9/19,1375,204,6,57985.65649
2/10/19,1375,204,6,57985.65649
2/11/19,1375,204,6,57985.65649
2/12/19,1375,204,6,59359.78873
2/13/19,1375,204,6,59359.78873
2/14/19,1375,204,6,60607.81243
2/15/19,1375,204,6,60341.18045
2/16/19,1375,204,6,60189.18045
2/17/19,1375,204,6,66587.66045
2/18/19,1375,204,6,66587.66045
2/19/19,1375,204,6,66587.66045
2/20/19,1375,204,6,63185.66045
2/21/19,1375,204,6,62519.30969
2/22/19,1375,204,6,62519.30969
2/23/19,1375,204,6,61271.28599
2/24/19,1375,204,6,60805.49675
2/25/19,1375,204,6,60628.85675
2/26/19,1375,204,6,60805.49675
2/27/19,1375,204,6,62641.35275
2/28/19,1375,204,6,65099.92425
3/1/19,1375,204,6,66053.25225
3/2/19,1375,204,6,64861.88025
3/3/19,1375,204,6,64861.88025
3/4/19,1375,204,6,62941.88025
3/5/19,1375,204,6,63030.94275
3/6/19,1375,204,6,63030.94275
3/7/19,1375,204,6,64841.193
3/8/19,1375,204,6,64445.65125
3/9/19,1375,204,6,63960.83925
3/10/19,1375,204,6,62831.54325
3/11/19,1375,204,6,62831.54325
3/12/19,1375,204,6,61625.19249
3/13/19,1375,204,6,61996.44249
3/14/19,1375,204,6,63338.40649
3/15/19,1375,204,6,62073.51049
3/16/19,1375,204,6,62073.51049
3/17/19,1375,204,6,62073.51049
3/18/19,1375,204,6,62073.51049
3/19/19,1375,204,6,62073.51049
3/20/19,1375,204,6,58233.51049
3/22/19,1375,204,6,59513.51049
3/27/19,1375,204,6,58759.11049
3/28/19,1375,204,6,58092.75973
3/29/19,1375,204,6,59361.00973
3/30/19,1375,204,6,59361.00973
3/31/19,1375,204,6,59361.00973
4/1/19,1375,204,6,59361.00973
4/2/19,1375,204,6,59361.00973
4/3/19,1375,204,6,59361.00973
4/4/19,1375,204,6,59361.00973
4/5/19,1375,204,6,59057.00973
4/6/19,1375,204,6,54095.81313
4/7/19,1375,204,6,54095.81313
4/8/19,1375,204,6,45193.38513
4/9/19,1375,204,6,49216.38513
4/10/19,1375,204,6,49216.38513
4/11/19,1375,204,6,49216.38513
4/12/19,1375,204,6,49216.38513
4/13/19,1375,204,6,49216.38513
4/14/19,1375,204,6,49216.38513
4/15/19,1375,204,6,49216.38513
4/16/19,1375,204,6,49216.38513
4/17/19,1375,204,6,49216.38513
4/18/19,1375,204,6,52182.43075
4/19/19,1375,204,6,52182.43075
4/20/19,1375,204,6,51326.46675
4/21/19,1375,204,6,53274.30323
4/22/19,1375,204,6,52304.67923
4/23/19,1375,204,6,59069.67923
4/24/19,1375,204,6,59069.67923
4/25/19,1375,204,6,61149.07123
4/26/19,1375,204,6,59209.82323
4/27/19,1375,204,6,59209.82323
4/28/19,1375,204,6,59209.82323
4/29/19,1375,204,6,59209.82323
4/30/19,1375,204,6,59209.82323
5/1/19,1375,204,6,59209.82323
5/2/19,1375,204,6,60979.63573
5/3/19,1375,204,6,60979.63573
5/4/19,1375,204,6,60979.63573
5/5/19,1375,204,6,60979.63573
5/6/19,1375,204,6,60979.63573
5/7/19,1375,204,6,60979.63573
5/8/19,1375,204,6,60979.63573
5/9/19,1375,204,6,60401.7737
5/10/19,1375,204,6,60401.7737
5/11/19,1375,204,6,60401.7737
5/12/19,1375,204,6,60401.7737
5/13/19,1375,204,6,60401.7737
5/14/19,1375,204,6,60401.7737
5/15/19,1375,204,6,60401.7737
5/16/19,1375,204,6,60401.7737
5/17/19,1375,204,6,60401.7737
5/18/19,1375,204,6,60401.7737
5/19/19,1375,204,6,60401.7737
5/20/19,1375,204,6,61698.1427
5/21/19,1375,204,6,61698.1427
5/22/19,1375,204,6,62979.76916
5/23/19,1375,204,6,62979.76916
5/24/19,1375,204,6,62979.76916
5/25/19,1375,204,6,62979.76916
5/26/19,1375,204,6,62979.76916
5/27/19,1375,204,6,60176.86016
5/28/19,1375,204,6,60176.86016
5/29/19,1375,204,6,65078.97116
5/30/19,1375,204,6,65078.97116
5/31/19,1375,204,6,64020.57116
6/1/19,1375,204,6,68749.16926
6/2/19,1375,204,6,94238.7283
6/3/19,1375,204,6,94998.8811
6/4/19,1375,204,6,75625.08056
6/5/19,1375,204,6,78528.21756
6/6/19,1375,204,6,79492.71756
6/7/19,1375,204,6,79399.90506
6/8/19,1375,204,6,78820.1269
6/9/19,1375,204,6,78820.1269
6/10/19,1375,204,6,73696.9939
6/11/19,1375,204,6,80527.4801
6/12/19,1375,204,6,74831.2301
6/13/19,1375,204,6,70759.0271
6/14/19,1375,204,6,76374.5339
6/15/19,1375,204,6,79245.5339
6/16/19,1375,204,6,86225.8359
6/17/19,1375,204,6,86225.8359
6/18/19,1375,204,6,86225.8359
6/19/19,1375,204,6,86225.8359
6/20/19,1375,204,6,86225.8359
6/21/19,1375,204,6,86225.8359
6/22/19,1375,204,6,88721.8833
6/23/19,1375,204,6,88721.8833
6/24/19,1375,204,6,88721.8833
6/25/19,1375,204,6,84931.45182
6/26/19,1375,204,6,88481.25182
6/27/19,1375,204,6,88481.25182
6/28/19,1375,204,6,81716.25182
6/29/19,1375,204,6,81716.25182
6/30/19,1375,204,6,81716.25182
7/1/19,1375,204,6,81716.25182
7/2/19,1375,204,6,82794.25382
7/3/19,1375,204,6,82794.25382
7/4/19,1375,204,6,60314.69882
7/5/19,1375,204,6,60314.69882
7/6/19,1375,204,6,56932.19882
7/7/19,1375,204,6,56265.84806
7/8/19,1375,204,6,56265.84806
7/9/19,1375,204,6,63030.84806
7/10/19,1375,204,6,63030.84806
7/11/19,1375,204,6,49765.46086
7/12/19,1375,204,6,51043.31686
7/13/19,1375,204,6,53999.06086
7/14/19,1375,204,6,53999.06086
7/15/19,1375,204,6,53999.06086
7/16/19,1375,204,6,53999.06086
7/17/19,1375,204,6,53999.06086
7/18/19,1375,204,6,61848.72382
7/19/19,1375,204,6,61996.79102
7/20/19,1375,204,6,60928.04102
7/21/19,1375,204,6,61849.44102
7/22/19,1375,204,6,61849.44102
7/23/19,1375,204,6,61976.01602
7/24/19,1375,204,6,60695.51602
7/25/19,1375,204,6,60695.51602
7/26/19,1375,204,6,60695.51602
7/27/19,1375,204,6,60755.25352
7/28/19,1375,204,6,60755.25352
7/29/19,1375,204,6,60755.25352
7/30/19,1375,204,6,59557.82152
7/31/19,1375,204,6,59557.82152
8/1/19,1375,204,6,66626.75179
8/2/19,1375,204,6,64480.53304
8/3/19,1375,204,6,63324.31204
8/4/19,1375,204,6,63324.31204
8/5/19,1375,204,6,69001.87804
8/6/19,1375,204,6,68575.92604
8/7/19,1375,204,6,68575.92604
8/8/19,1375,204,6,126158.604
8/9/19,1375,204,6,126158.604
8/10/19,1375,204,6,126158.604
8/11/19,1375,204,6,126158.604
8/12/19,1375,204,6,126158.604
8/13/19,1375,204,6,126158.604
8/14/19,1375,204,6,122085.6806
8/15/19,1375,204,6,117651.6956
8/16/19,1375,204,6,118358.5679
8/17/19,1375,204,6,118358.5679
8/18/19,1375,204,6,119819.1599
8/19/19,1375,204,6,113054.1599
8/20/19,1375,204,6,113054.1599
8/21/19,1375,204,6,113054.1599
8/22/19,1375,204,6,113054.1599
8/23/19,1375,204,6,113711.0741
8/24/19,1375,204,6,113711.0741
8/25/19,1375,204,6,117093.5741
8/26/19,1375,204,6,32617.28224
8/27/19,1375,204,6,32617.28224
8/28/19,1375,204,6,32929.28224
8/29/19,1375,204,6,32929.28224
8/30/19,1375,204,6,30081.15724
8/31/19,1375,204,6,33463.65724
9/1/19,1375,204,6,33463.65724
9/2/19,1375,204,6,33463.65724
9/3/19,1375,204,6,36311.78224
9/4/19,1375,204,6,39587.13685
9/5/19,1375,204,6,38613.71424
9/6/19,1375,204,6,38613.71424
9/7/19,1375,204,6,48332.49929
9/8/19,1375,204,6,51827.34281
9/9/19,1375,204,6,51827.34281
9/10/19,1375,204,6,51827.34281
9/11/19,1375,204,6,49176.78881
9/12/19,1375,204,6,51145.52481
9/13/19,1375,204,6,52466.84481
9/14/19,1375,204,6,52466.84481
9/15/19,1375,204,6,104933.6896